{
  "rubrica_id": "RGE1",
  "curso": "ÉNFASIS EN PROGRAMACIÓN MÓVIL",
  "puntuacion_total": 75,
  "escala_calificacion": [
    {
      "min": 0,
      "max": 29,
      "nivel": "Insuficiente",
      "descripcion": "Requiere reelaboración significativa"
    },
    {
      "min": 30,
      "max": 49,
      "nivel": "Aceptable",
      "descripcion": "Cumple con requisitos mínimos pero requiere mejoras"
    },
    {
      "min": 50,
      "max": 64,
      "nivel": "Bueno",
      "descripcion": "Cumple con lo esperado con buen nivel de calidad"
    },
    {
      "min": 65,
      "max": 75,
      "nivel": "Excelente",
      "descripcion": "Supera expectativas, alta calidad profesional"
    }
  ],
  "criterios": [
    {
      "id": 1,
      "nombre": "Justificación",
      "peso": 5,
      "niveles": 4,
      "nivel": [
        {
          "numero": 1,
          "minimo": 0,
          "maximo": 1,
          "titulo": "Insuficiente",
          "descripcion": "El documento no incluye justificación o es muy deficiente. No explica la relevancia ni la necesidad del proyecto. Carece de argumentos."
        },
        {
          "numero": 2,
          "minimo": 2,
          "maximo": 2,
          "titulo": "Aceptable",
          "descripcion": "El documento incluye una justificación básica. Explica de manera general la relevancia del proyecto, pero los argumentos son débiles o poco profundos."
        },
        {
          "numero": 3,
          "minimo": 3,
          "maximo": 4,
          "titulo": "Bueno",
          "descripcion": "El documento presenta una justificación adecuada. Explica la relevancia y necesidad del proyecto con argumentos válidos, aunque podría profundizar más en el impacto."
        },
        {
          "numero": 4,
          "minimo": 5,
          "maximo": 5,
          "titulo": "Excelente",
          "descripcion": "El documento presenta una justificación clara, completa y convincente. Explica con profundidad la relevancia, necesidad e impacto del proyecto. Incluye argumentos sólidos y bien fundamentados."
        }
      ]
    }
  ]
}